,VARIABLE,CALCULATION,TIMESTAMP_S,TIMESTAMP_MS,VALUE,STATUS,GUID,STRVALUE
0,12695,0,1665555300,0,0.0,262144,,1
1,12695,0,1665570600,0,0.0,262144,,1
2,12695,0,1665584100,0,0.0,0,,1
3,12695,0,1665599400,0,0.0,0,,1
4,12695,0,1665612900,0,0.0,0,,2
5,12695,0,1665641700,0,0.0,0,,2
6,12695,0,1665656100,0,0.0,0,,2
7,12695,0,1665671400,0,0.0,0,,2
8,12695,0,1665684900,0,0.0,0,,
9,12695,0,1665700200,0,0.0,0,,
10,12695,0,1665713700,0,0.0,0,,
11,12695,0,1665743400,0,0.0,0,,
12,12695,0,1665757800,0,0.0,0,,
13,12695,0,1665773100,0,0.0,0,,
14,12695,0,1665786600,0,0.0,0,,
15,12695,0,1665801900,0,0.0,0,,
16,12695,0,1665815400,0,0.0,0,,
17,12695,0,1665844200,0,0.0,0,,
18,12695,0,1665858600,0,0.0,0,,
19,12695,0,1665873900,0,0.0,0,,
20,12695,0,1665887400,0,0.0,0,,
21,12695,0,1665902700,0,0.0,0,,
22,12695,0,1665917100,0,0.0,0,,
23,12695,0,1665945900,0,0.0,0,,
24,12695,0,1665960300,0,0.0,0,,
25,12695,0,1665975600,0,0.0,0,,
26,12695,0,1665989100,0,0.0,0,,
27,12695,0,1666003164,1666003164822,1.2670000000000003,0, ,0
28,12695,0,1666003164,1666003164807,1.2670000000000003,0, ,0
29,12695,0,1666003167,1666003167682,1.2140000000000004,0, ,0
30,12695,0,1666003167,1666003167666,1.2140000000000004,0, ,0
31,12695,0,1666003173,1666003173666,1.029,0, ,0
32,12695,0,1666003173,1666003173651,1.029,0, ,0
33,12695,0,1666003174,1666003174526,1.3200000000000003,0, ,0
34,12695,0,1666003174,1666003174541,1.3200000000000003,0, ,0
35,12695,0,1666003179,1666003179604,1.2670000000000003,0, ,0
36,12695,0,1666003179,1666003179620,1.2670000000000003,0, ,0
37,12695,0,1666003180,1666003180948,1.689,0, ,0
38,12695,0,1666003180,1666003180963,1.689,0, ,0
39,12695,0,1666003210,1666003210451,1.9800000000000004,0, ,0
40,12695,0,1666003210,1666003210466,1.9800000000000004,0, ,0
41,12695,0,1666003233,1666003233514,3.773999999999999,0, ,0
42,12695,0,1666003233,1666003233608,1.8739999999999997,0, ,0
43,12695,0,1666003233,1666003233529,3.773999999999999,0, ,0
44,12695,0,1666003233,1666003233545,3.801,0, ,0
45,12695,0,1666003233,1666003233639,3.933,0, ,0
46,12695,0,1666003233,1666003233654,3.933,0, ,0
47,12695,0,1666003233,1666003233529,3.801,0, ,0
48,12695,0,1666003233,1666003233623,1.8739999999999997,0, ,0
49,12695,0,1666003233,1666003233654,4.4079999999999995,0, ,0
50,12695,0,1666003233,1666003233717,9.132,0, ,0
51,12695,0,1666003233,1666003233592,1.9530000000000003,0, ,0
52,12695,0,1666003233,1666003233623,5.912000000000001,0, ,0
53,12695,0,1666003233,1666003233670,6.228999999999999,0, ,0
54,12695,0,1666003233,1666003233717,9.238,0, ,0
55,12695,0,1666003233,1666003233608,1.9530000000000003,0, ,0
56,12695,0,1666003233,1666003233639,5.912000000000001,0, ,0
57,12695,0,1666003233,1666003233701,8.815,0, ,0
58,12695,0,1666003233,1666003233733,9.238,0, ,0
59,12695,0,1666003233,1666003233686,6.228999999999999,0, ,0
60,12695,0,1666003233,1666003233670,4.4079999999999995,0, ,0
61,12695,0,1666003233,1666003233717,8.815,0, ,0
62,12695,0,1666003233,1666003233748,9.713,0, ,0
63,12695,0,1666003233,1666003233686,7.205,0, ,0
64,12695,0,1666003233,1666003233701,7.205,0, ,0
65,12695,0,1666003233,1666003233733,9.713,0, ,0
66,12695,0,1666003233,1666003233748,16.162,0, ,0
67,12695,0,1666003233,1666003233764,10.874,0, ,0
68,12695,0,1666003233,1666003233811,9.449,0, ,0
69,12695,0,1666003233,1666003233795,12.182,0, ,0
70,12695,0,1666003233,1666003233764,10.162,0, ,0
71,12695,0,1666003233,1666003233780,10.267,0, ,0
72,12695,0,1666003233,1666003233920,4.461,0, ,0
73,12695,0,1666003233,1666003233795,10.267,0, ,0
74,12695,0,1666003233,1666003233826,9.449,0, ,0
75,12695,0,1666003233,1666003233780,10.874,0, ,0
76,12695,0,1666003233,1666003233920,4.7509999999999994,0, ,0
77,12695,0,1666003233,1666003233811,8.182,0, ,0
78,12695,0,1666003233,1666003233873,6.361000000000001,0, ,0
79,12695,0,1666003233,1666003233951,4.645,0, ,0
80,12695,0,1666003233,1666003233936,4.461,0, ,0
81,12695,0,1666003233,1666003233826,10.417,0, ,0
82,12695,0,1666003233,1666003233889,5.49,0, ,0
83,12695,0,1666003233,1666003233967,4.645,0, ,0
84,12695,0,1666003233,1666003233998,3.801,0, ,0
85,12695,0,1666003233,1666003233842,7.179,0, ,0
86,12695,0,1666003233,1666003233936,4.619,0, ,0
87,12695,0,1666003233,1666003233983,3.801,0, ,0
88,12695,0,1666003233,1666003233967,4.513,0, ,0
89,12695,0,1666003233,1666003233842,7.417,0, ,0
90,12695,0,1666003233,1666003233983,4.513,0, ,0
91,12695,0,1666003233,1666003233858,6.361000000000001,0, ,0
92,12695,0,1666003233,1666003233858,7.179,0, ,0
93,12695,0,1666003233,1666003233873,5.754,0, ,0
94,12695,0,1666003233,1666003233889,5.754,0, ,0
95,12695,0,1666003233,1666003233905,4.7509999999999994,0, ,0
96,12695,0,1666003233,1666003233905,5.49,0, ,0
97,12695,0,1666003233,1666003233936,4.355,0, ,0
98,12695,0,1666003233,1666003233951,4.619,0, ,0
99,12695,0,1666003233,1666003233998,3.9060000000000006,0, ,0
100,12695,0,1666003234,1666003234014,3.9060000000000006,0, ,0
101,12695,0,1666003234,1666003234030,4.302,0, ,0
102,12695,0,1666003234,1666003234045,4.302,0, ,0
103,12695,0,1666003234,1666003234045,5.068,0, ,0
104,12695,0,1666003234,1666003234014,5.041,0, ,0
105,12695,0,1666003234,1666003234061,5.068,0, ,0
106,12695,0,1666003234,1666003234155,7.1259999999999994,0, ,0
107,12695,0,1666003234,1666003234123,5.3580000000000005,0, ,0
108,12695,0,1666003234,1666003234030,5.041,0, ,0
109,12695,0,1666003234,1666003234061,6.0969999999999995,0, ,0
110,12695,0,1666003234,1666003234170,5.622,0, ,0
111,12695,0,1666003234,1666003234139,5.7010000000000005,0, ,0
112,12695,0,1666003234,1666003234076,6.0969999999999995,0, ,0
113,12695,0,1666003234,1666003234076,5.436999999999999,0, ,0
114,12695,0,1666003234,1666003234217,5.093999999999999,0, ,0
115,12695,0,1666003234,1666003234155,5.7010000000000005,0, ,0
116,12695,0,1666003234,1666003234123,4.909000000000001,0, ,0
117,12695,0,1666003234,1666003234092,5.436999999999999,0, ,0
118,12695,0,1666003234,1666003234233,5.093999999999999,0, ,0
119,12695,0,1666003234,1666003234170,6.122999999999999,0, ,0
120,12695,0,1666003234,1666003234139,4.909000000000001,0, ,0
121,12695,0,1666003234,1666003234092,5.833,0, ,0
122,12695,0,1666003234,1666003234233,5.569000000000001,0, ,0
123,12695,0,1666003234,1666003234186,6.308,0, ,0
124,12695,0,1666003234,1666003234201,6.308,0, ,0
125,12695,0,1666003234,1666003234108,5.3580000000000005,0, ,0
126,12695,0,1666003234,1666003234326,6.334,0, ,0
127,12695,0,1666003234,1666003234201,5.965,0, ,0
128,12695,0,1666003234,1666003234248,5.516,0, ,0
129,12695,0,1666003234,1666003234108,5.833,0, ,0
130,12695,0,1666003234,1666003234389,5.068,0, ,0
131,12695,0,1666003234,1666003234217,5.965,0, ,0
132,12695,0,1666003234,1666003234264,5.516,0, ,0
133,12695,0,1666003234,1666003234155,5.622,0, ,0
134,12695,0,1666003234,1666003234405,5.068,0, ,0
135,12695,0,1666003234,1666003234248,5.569000000000001,0, ,0
136,12695,0,1666003234,1666003234326,6.228999999999999,0, ,0
137,12695,0,1666003234,1666003234186,6.122999999999999,0, ,0
138,12695,0,1666003234,1666003234405,5.754,0, ,0
139,12695,0,1666003234,1666003234280,6.334,0, ,0
140,12695,0,1666003234,1666003234342,6.228999999999999,0, ,0
141,12695,0,1666003234,1666003234264,5.462999999999999,0, ,0
142,12695,0,1666003234,1666003234451,6.282,0, ,0
143,12695,0,1666003234,1666003234295,6.334,0, ,0
144,12695,0,1666003234,1666003234342,6.757,0, ,0
145,12695,0,1666003234,1666003234280,5.462999999999999,0, ,0
146,12695,0,1666003234,1666003234498,6.122999999999999,0, ,0
147,12695,0,1666003234,1666003234311,6.334,0, ,0
148,12695,0,1666003234,1666003234358,6.757,0, ,0
149,12695,0,1666003234,1666003234295,5.859,0, ,0
150,12695,0,1666003234,1666003234498,7.073,0, ,0
151,12695,0,1666003234,1666003234358,5.807,0, ,0
152,12695,0,1666003234,1666003234373,6.361000000000001,0, ,0
153,12695,0,1666003234,1666003234311,5.859,0, ,0
154,12695,0,1666003234,1666003234545,6.0440000000000005,0, ,0
155,12695,0,1666003234,1666003234483,7.073,0, ,0
156,12695,0,1666003234,1666003234389,6.361000000000001,0, ,0
157,12695,0,1666003234,1666003234373,5.49,0, ,0
158,12695,0,1666003234,1666003234561,4.672000000000001,0, ,0
159,12695,0,1666003234,1666003234530,6.0440000000000005,0, ,0
160,12695,0,1666003234,1666003234420,5.754,0, ,0
161,12695,0,1666003234,1666003234420,6.202,0, ,0
162,12695,0,1666003234,1666003234639,5.727,0, ,0
163,12695,0,1666003234,1666003234592,6.73,0, ,0
164,12695,0,1666003234,1666003234436,6.202,0, ,0
165,12695,0,1666003234,1666003234451,5.226000000000001,0, ,0
166,12695,0,1666003234,1666003234670,5.939,0, ,0
167,12695,0,1666003234,1666003234623,5.727,0, ,0
168,12695,0,1666003234,1666003234436,6.282,0, ,0
169,12695,0,1666003234,1666003234467,5.226000000000001,0, ,0
170,12695,0,1666003234,1666003234717,6.0440000000000005,0, ,0
171,12695,0,1666003234,1666003234686,5.939,0, ,0
172,12695,0,1666003234,1666003234514,6.122999999999999,0, ,0
173,12695,0,1666003234,1666003234467,6.334,0, ,0
174,12695,0,1666003234,1666003234811,5.068,0, ,0
175,12695,0,1666003234,1666003234748,5.411,0, ,0
176,12695,0,1666003234,1666003234561,7.179,0, ,0
177,12695,0,1666003234,1666003234483,6.334,0, ,0
178,12695,0,1666003234,1666003234826,5.252000000000001,0, ,0
179,12695,0,1666003234,1666003234764,5.068,0, ,0
180,12695,0,1666003234,1666003234576,4.672000000000001,0, ,0
181,12695,0,1666003234,1666003234514,6.0969999999999995,0, ,0
182,12695,0,1666003234,1666003234858,4.355,0, ,0
183,12695,0,1666003234,1666003234764,5.411,0, ,0
184,12695,0,1666003234,1666003234576,5.912000000000001,0, ,0
185,12695,0,1666003234,1666003234530,6.0969999999999995,0, ,0
186,12695,0,1666003234,1666003234905,3.721,0, ,0
187,12695,0,1666003234,1666003234780,5.068,0, ,0
188,12695,0,1666003234,1666003234608,6.122999999999999,0, ,0
189,12695,0,1666003234,1666003234545,7.179,0, ,0
190,12695,0,1666003234,1666003234920,4.144,0, ,0
191,12695,0,1666003234,1666003234795,5.516,0, ,0
192,12695,0,1666003234,1666003234655,5.542999999999999,0, ,0
193,12695,0,1666003234,1666003234592,5.622,0, ,0
194,12695,0,1666003234,1666003234936,4.144,0, ,0
195,12695,0,1666003234,1666003234842,4.2490000000000006,0, ,0
196,12695,0,1666003234,1666003234701,4.962,0, ,0
197,12695,0,1666003234,1666003234608,5.622,0, ,0
198,12695,0,1666003234,1666003234967,4.83,0, ,0
199,12695,0,1666003234,1666003234842,4.856,0, ,0
200,12695,0,1666003234,1666003234701,6.0440000000000005,0, ,0
201,12695,0,1666003234,1666003234623,6.122999999999999,0, ,0
202,12695,0,1666003234,1666003234983,4.223000000000001,0, ,0
203,12695,0,1666003234,1666003234858,4.856,0, ,0
204,12695,0,1666003234,1666003234795,4.962,0, ,0
205,12695,0,1666003234,1666003234639,5.119999999999999,0, ,0
206,12695,0,1666003234,1666003234811,5.252000000000001,0, ,0
207,12695,0,1666003234,1666003234951,3.801,0, ,0
208,12695,0,1666003234,1666003234873,3.2989999999999995,0, ,0
209,12695,0,1666003234,1666003234655,5.119999999999999,0, ,0
210,12695,0,1666003234,1666003234889,3.2989999999999995,0, ,0
211,12695,0,1666003234,1666003234951,4.83,0, ,0
212,12695,0,1666003234,1666003234920,3.721,0, ,0
213,12695,0,1666003234,1666003234670,5.542999999999999,0, ,0
214,12695,0,1666003234,1666003234967,4.17,0, ,0
215,12695,0,1666003234,1666003234686,4.962,0, ,0
216,12695,0,1666003234,1666003234983,4.17,0, ,0
217,12695,0,1666003234,1666003234717,6.176,0, ,0
218,12695,0,1666003234,1666003234733,5.411,0, ,0
219,12695,0,1666003234,1666003234733,6.176,0, ,0
220,12695,0,1666003234,1666003234780,4.962,0, ,0
221,12695,0,1666003234,1666003234826,4.2490000000000006,0, ,0
222,12695,0,1666003234,1666003234873,4.355,0, ,0
223,12695,0,1666003234,1666003234889,4.17,0, ,0
224,12695,0,1666003234,1666003234905,4.17,0, ,0
225,12695,0,1666003234,1666003234936,3.801,0, ,0
226,12695,0,1666003234,1666003234998,4.0120000000000005,0, ,0
227,12695,0,1666003234,1666003234998,4.223000000000001,0, ,0
228,12695,0,1666003235,1666003235030,3.933,0, ,0
229,12695,0,1666003235,1666003235045,3.378,0, ,0
230,12695,0,1666003235,1666003235030,3.378,0, ,0
231,12695,0,1666003235,1666003235014,3.3520000000000003,0, ,0
232,12695,0,1666003235,1666003235045,4.433999999999999,0, ,0
233,12695,0,1666003235,1666003235061,4.17,0, ,0
234,12695,0,1666003235,1666003235108,3.087999999999999,0, ,0
235,12695,0,1666003235,1666003235014,4.0120000000000005,0, ,0
236,12695,0,1666003235,1666003235061,4.433999999999999,0, ,0
237,12695,0,1666003235,1666003235092,3.3520000000000003,0, ,0
238,12695,0,1666003235,1666003235123,2.982,0, ,0
239,12695,0,1666003235,1666003235170,3.59,0, ,0
240,12695,0,1666003235,1666003235076,3.4049999999999994,0, ,0
241,12695,0,1666003235,1666003235108,3.3520000000000003,0, ,0
242,12695,0,1666003235,1666003235139,2.982,0, ,0
243,12695,0,1666003235,1666003235201,3.2460000000000004,0, ,0
244,12695,0,1666003235,1666003235076,4.17,0, ,0
245,12695,0,1666003235,1666003235342,5.093999999999999,0, ,0
246,12695,0,1666003235,1666003235139,4.17,0, ,0
247,12695,0,1666003235,1666003235233,3.773999999999999,0, ,0
248,12695,0,1666003235,1666003235092,3.4049999999999994,0, ,0
249,12695,0,1666003235,1666003235358,3.6419999999999995,0, ,0
250,12695,0,1666003235,1666003235155,3.59,0, ,0
251,12695,0,1666003235,1666003235295,3.801,0, ,0
252,12695,0,1666003235,1666003235123,3.087999999999999,0, ,0
253,12695,0,1666003235,1666003235436,4.619,0, ,0
254,12695,0,1666003235,1666003235155,4.17,0, ,0
255,12695,0,1666003235,1666003235311,3.6159999999999997,0, ,0
256,12695,0,1666003235,1666003235170,4.117000000000001,0, ,0
257,12695,0,1666003235,1666003235483,4.882999999999999,0, ,0
258,12695,0,1666003235,1666003235186,3.2460000000000004,0, ,0
259,12695,0,1666003235,1666003235311,3.801,0, ,0
260,12695,0,1666003235,1666003235186,4.117000000000001,0, ,0
261,12695,0,1666003235,1666003235576,4.672000000000001,0, ,0
262,12695,0,1666003235,1666003235233,3.6690000000000005,0, ,0
263,12695,0,1666003235,1666003235358,5.093999999999999,0, ,0
264,12695,0,1666003235,1666003235201,2.375,0, ,0
265,12695,0,1666003235,1666003235623,4.645,0, ,0
266,12695,0,1666003235,1666003235248,4.645,0, ,0
267,12695,0,1666003235,1666003235451,4.619,0, ,0
268,12695,0,1666003235,1666003235217,2.375,0, ,0
269,12695,0,1666003235,1666003235623,5.384,0, ,0
270,12695,0,1666003235,1666003235264,3.773999999999999,0, ,0
271,12695,0,1666003235,1666003235467,5.068,0, ,0
272,12695,0,1666003235,1666003235217,3.6690000000000005,0, ,0
273,12695,0,1666003235,1666003235639,4.645,0, ,0
274,12695,0,1666003235,1666003235264,4.645,0, ,0
275,12695,0,1666003235,1666003235483,5.068,0, ,0
276,12695,0,1666003235,1666003235295,3.6950000000000003,0, ,0
277,12695,0,1666003235,1666003235670,5.068,0, ,0
278,12695,0,1666003235,1666003235280,3.6950000000000003,0, ,0
279,12695,0,1666003235,1666003235498,4.882999999999999,0, ,0
280,12695,0,1666003235,1666003235326,3.6159999999999997,0, ,0
281,12695,0,1666003235,1666003235686,4.566000000000001,0, ,0
282,12695,0,1666003235,1666003235280,3.773999999999999,0, ,0
283,12695,0,1666003235,1666003235514,4.038,0, ,0
284,12695,0,1666003235,1666003235326,4.487,0, ,0
285,12695,0,1666003235,1666003235701,3.8529999999999998,0, ,0
286,12695,0,1666003235,1666003235373,3.933,0, ,0
287,12695,0,1666003235,1666003235530,4.038,0, ,0
288,12695,0,1666003235,1666003235342,4.487,0, ,0
289,12695,0,1666003235,1666003235748,4.882999999999999,0, ,0
290,12695,0,1666003235,1666003235389,3.933,0, ,0
291,12695,0,1666003235,1666003235545,4.513,0, ,0
292,12695,0,1666003235,1666003235373,3.6419999999999995,0, ,0
293,12695,0,1666003235,1666003235764,4.882999999999999,0, ,0
294,12695,0,1666003235,1666003235405,3.721,0, ,0
295,12695,0,1666003235,1666003235592,4.9879999999999995,0, ,0
296,12695,0,1666003235,1666003235389,5.833,0, ,0
297,12695,0,1666003235,1666003235780,4.882999999999999,0, ,0
298,12695,0,1666003235,1666003235420,3.6419999999999995,0, ,0
299,12695,0,1666003235,1666003235592,5.147,0, ,0
300,12695,0,1666003235,1666003235405,5.833,0, ,0
301,12695,0,1666003235,1666003235795,4.645,0, ,0
302,12695,0,1666003235,1666003235436,3.6419999999999995,0, ,0
303,12695,0,1666003235,1666003235608,4.9879999999999995,0, ,0
304,12695,0,1666003235,1666003235420,3.721,0, ,0
305,12695,0,1666003235,1666003235811,4.645,0, ,0
306,12695,0,1666003235,1666003235451,5.068,0, ,0
307,12695,0,1666003235,1666003235608,5.384,0, ,0
308,12695,0,1666003235,1666003235498,3.827,0, ,0
309,12695,0,1666003235,1666003235842,4.776999999999999,0, ,0
310,12695,0,1666003235,1666003235467,4.0649999999999995,0, ,0
311,12695,0,1666003235,1666003235670,4.856,0, ,0
312,12695,0,1666003235,1666003235514,3.827,0, ,0
313,12695,0,1666003235,1666003235858,4.776999999999999,0, ,0
314,12695,0,1666003235,1666003235530,4.513,0, ,0
315,12695,0,1666003235,1666003235686,4.038,0, ,0
316,12695,0,1666003235,1666003235576,5.147,0, ,0
317,12695,0,1666003235,1666003235873,4.804,0, ,0
318,12695,0,1666003235,1666003235545,3.827,0, ,0
319,12695,0,1666003235,1666003235701,4.566000000000001,0, ,0
320,12695,0,1666003235,1666003235639,5.093999999999999,0, ,0
321,12695,0,1666003235,1666003235889,4.804,0, ,0
322,12695,0,1666003235,1666003235561,3.827,0, ,0
323,12695,0,1666003235,1666003235717,5.199999999999999,0, ,0
324,12695,0,1666003235,1666003235655,5.093999999999999,0, ,0
325,12695,0,1666003235,1666003235905,4.566000000000001,0, ,0
326,12695,0,1666003235,1666003235561,4.672000000000001,0, ,0
327,12695,0,1666003235,1666003235733,5.199999999999999,0, ,0
328,12695,0,1666003235,1666003235717,3.8529999999999998,0, ,0
329,12695,0,1666003235,1666003235920,5.093999999999999,0, ,0
330,12695,0,1666003235,1666003235655,4.856,0, ,0
331,12695,0,1666003235,1666003235780,5.068,0, ,0
332,12695,0,1666003235,1666003235733,4.433999999999999,0, ,0
333,12695,0,1666003235,1666003235936,5.093999999999999,0, ,0
334,12695,0,1666003235,1666003235748,4.433999999999999,0, ,0
335,12695,0,1666003235,1666003235858,5.622,0, ,0
336,12695,0,1666003235,1666003235826,3.721,0, ,0
337,12695,0,1666003235,1666003235951,5.411,0, ,0
338,12695,0,1666003235,1666003235795,5.068,0, ,0
339,12695,0,1666003235,1666003235905,4.433999999999999,0, ,0
340,12695,0,1666003235,1666003235826,5.675000000000001,0, ,0
341,12695,0,1666003235,1666003235967,5.411,0, ,0
342,12695,0,1666003235,1666003235811,3.721,0, ,0
343,12695,0,1666003235,1666003235998,4.329000000000001,0, ,0
344,12695,0,1666003235,1666003235842,5.675000000000001,0, ,0
345,12695,0,1666003235,1666003235998,3.773999999999999,0, ,0
346,12695,0,1666003235,1666003235920,4.566000000000001,0, ,0
347,12695,0,1666003235,1666003235873,5.622,0, ,0
348,12695,0,1666003235,1666003235951,4.17,0, ,0
349,12695,0,1666003235,1666003235889,4.936,0, ,0
350,12695,0,1666003235,1666003235983,4.2490000000000006,0, ,0
351,12695,0,1666003235,1666003235936,4.17,0, ,0
352,12695,0,1666003235,1666003235967,4.2490000000000006,0, ,0
353,12695,0,1666003235,1666003235983,3.773999999999999,0, ,0
354,12695,0,1666003236,1666003236014,4.329000000000001,0, ,0
355,12695,0,1666003236,1666003236045,3.721,0, ,0
356,12695,0,1666003236,1666003236014,4.487,0, ,0
357,12695,0,1666003236,1666003236030,3.59,0, ,0
358,12695,0,1666003236,1666003236030,4.487,0, ,0
359,12695,0,1666003236,1666003236061,3.721,0, ,0
360,12695,0,1666003236,1666003236045,3.59,0, ,0
361,12695,0,1666003236,1666003236061,4.804,0, ,0
362,12695,0,1666003236,1666003236076,4.804,0, ,0
363,12695,0,1666003236,1666003236108,3.0090000000000003,0, ,0
364,12695,0,1666003236,1666003236139,3.827,0, ,0
365,12695,0,1666003236,1666003236076,4.2490000000000006,0, ,0
366,12695,0,1666003236,1666003236108,4.83,0, ,0
367,12695,0,1666003236,1666003236123,4.433999999999999,0, ,0
368,12695,0,1666003236,1666003236155,3.827,0, ,0
369,12695,0,1666003236,1666003236092,3.0090000000000003,0, ,0
370,12695,0,1666003236,1666003236201,2.982,0, ,0
371,12695,0,1666003236,1666003236155,3.6419999999999995,0, ,0
372,12695,0,1666003236,1666003236170,2.3230000000000004,0, ,0
373,12695,0,1666003236,1666003236092,4.2490000000000006,0, ,0
374,12695,0,1666003236,1666003236217,1.1349999999999998,0, ,0
375,12695,0,1666003236,1666003236186,2.982,0, ,0
376,12695,0,1666003236,1666003236233,2.982,0, ,0
377,12695,0,1666003236,1666003236123,2.771,0, ,0
378,12695,0,1666003236,1666003236248,3.9060000000000006,0, ,0
379,12695,0,1666003236,1666003236201,4.302,0, ,0
380,12695,0,1666003236,1666003236311,3.801,0, ,0
381,12695,0,1666003236,1666003236139,2.771,0, ,0
382,12695,0,1666003236,1666003236264,3.9060000000000006,0, ,0
383,12695,0,1666003236,1666003236217,4.302,0, ,0
384,12695,0,1666003236,1666003236373,3.1140000000000008,0, ,0
385,12695,0,1666003236,1666003236170,3.6419999999999995,0, ,0
386,12695,0,1666003236,1666003236280,3.9060000000000006,0, ,0
387,12695,0,1666003236,1666003236233,1.1349999999999998,0, ,0
388,12695,0,1666003236,1666003236373,3.6419999999999995,0, ,0
389,12695,0,1666003236,1666003236186,2.3230000000000004,0, ,0
390,12695,0,1666003236,1666003236295,4.5920000000000005,0, ,0
391,12695,0,1666003236,1666003236264,3.537000000000001,0, ,0
392,12695,0,1666003236,1666003236389,3.1140000000000008,0, ,0
393,12695,0,1666003236,1666003236248,2.982,0, ,0
394,12695,0,1666003236,1666003236311,4.5920000000000005,0, ,0
395,12695,0,1666003236,1666003236280,3.537000000000001,0, ,0
396,12695,0,1666003236,1666003236451,3.0619999999999994,0, ,0
397,12695,0,1666003236,1666003236326,2.349,0, ,0
398,12695,0,1666003236,1666003236342,3.378,0, ,0
399,12695,0,1666003236,1666003236295,3.9060000000000006,0, ,0
400,12695,0,1666003236,1666003236467,3.0619999999999994,0, ,0
401,12695,0,1666003236,1666003236326,3.801,0, ,0
402,12695,0,1666003236,1666003236342,3.9060000000000006,0, ,0
403,12695,0,1666003236,1666003236389,3.378,0, ,0
404,12695,0,1666003236,1666003236655,3.51,0, ,0
405,12695,0,1666003236,1666003236358,3.6419999999999995,0, ,0
406,12695,0,1666003236,1666003236358,3.9060000000000006,0, ,0
407,12695,0,1666003236,1666003236436,2.824,0, ,0
408,12695,0,1666003236,1666003236670,4.882999999999999,0, ,0
409,12695,0,1666003236,1666003236420,3.378,0, ,0
410,12695,0,1666003236,1666003236405,3.378,0, ,0
411,12695,0,1666003236,1666003236545,3.801,0, ,0
412,12695,0,1666003236,1666003236686,4.882999999999999,0, ,0
413,12695,0,1666003236,1666003236483,2.455,0, ,0
414,12695,0,1666003236,1666003236420,3.7479999999999993,0, ,0
415,12695,0,1666003236,1666003236561,1.346,0, ,0
416,12695,0,1666003236,1666003236826,4.645,0, ,0
417,12695,0,1666003236,1666003236498,2.9560000000000004,0, ,0
418,12695,0,1666003236,1666003236436,3.7479999999999993,0, ,0
419,12695,0,1666003236,1666003236608,3.6690000000000005,0, ,0
420,12695,0,1666003236,1666003236873,4.2490000000000006,0, ,0
421,12695,0,1666003236,1666003236514,2.9560000000000004,0, ,0
422,12695,0,1666003236,1666003236451,2.824,0, ,0
423,12695,0,1666003236,1666003236670,4.038,0, ,0
424,12695,0,1666003236,1666003236873,4.566000000000001,0, ,0
425,12695,0,1666003236,1666003236514,3.4049999999999994,0, ,0
426,12695,0,1666003236,1666003236467,3.51,0, ,0
427,12695,0,1666003236,1666003236686,2.9560000000000004,0, ,0
428,12695,0,1666003236,1666003236889,2.6660000000000004,0, ,0
429,12695,0,1666003236,1666003236530,3.4049999999999994,0, ,0
430,12695,0,1666003236,1666003236483,3.51,0, ,0
431,12695,0,1666003236,1666003236748,4.804,0, ,0
432,12695,0,1666003236,1666003236889,4.2490000000000006,0, ,0
433,12695,0,1666003236,1666003236530,3.801,0, ,0
434,12695,0,1666003236,1666003236498,2.455,0, ,0
435,12695,0,1666003236,1666003236764,4.5920000000000005,0, ,0
436,12695,0,1666003236,1666003236920,2.9029999999999996,0, ,0
437,12695,0,1666003236,1666003236561,2.877,0, ,0
438,12695,0,1666003236,1666003236545,3.378,0, ,0
439,12695,0,1666003236,1666003236780,3.933,0, ,0
440,12695,0,1666003236,1666003236983,4.619,0, ,0
441,12695,0,1666003236,1666003236576,1.346,0, ,0
442,12695,0,1666003236,1666003236576,2.982,0, ,0
443,12695,0,1666003236,1666003236858,4.566000000000001,0, ,0
444,12695,0,1666003236,1666003236998,3.2460000000000004,0, ,0
445,12695,0,1666003236,1666003236608,3.4049999999999994,0, ,0
446,12695,0,1666003236,1666003236592,2.982,0, ,0
447,12695,0,1666003236,1666003236951,4.223000000000001,0, ,0
448,12695,0,1666003236,1666003236998,3.801,0, ,0
449,12695,0,1666003236,1666003236623,3.6690000000000005,0, ,0
450,12695,0,1666003236,1666003236592,3.4049999999999994,0, ,0
451,12695,0,1666003236,1666003236951,4.4079999999999995,0, ,0
452,12695,0,1666003236,1666003236623,4.461,0, ,0
453,12695,0,1666003236,1666003236701,2.9560000000000004,0, ,0
454,12695,0,1666003236,1666003236639,3.51,0, ,0
455,12695,0,1666003236,1666003236967,4.223000000000001,0, ,0
456,12695,0,1666003236,1666003236639,4.461,0, ,0
457,12695,0,1666003236,1666003236701,3.51,0, ,0
458,12695,0,1666003236,1666003236655,4.038,0, ,0
459,12695,0,1666003236,1666003236717,3.51,0, ,0
460,12695,0,1666003236,1666003236733,4.804,0, ,0
461,12695,0,1666003236,1666003236717,3.880000000000001,0, ,0
462,12695,0,1666003236,1666003236780,4.038,0, ,0
463,12695,0,1666003236,1666003236733,3.880000000000001,0, ,0
464,12695,0,1666003236,1666003236795,2.9560000000000004,0, ,0
465,12695,0,1666003236,1666003236748,3.6690000000000005,0, ,0
466,12695,0,1666003236,1666003236795,4.038,0, ,0
467,12695,0,1666003236,1666003236764,3.6690000000000005,0, ,0
468,12695,0,1666003236,1666003236811,2.9560000000000004,0, ,0
469,12695,0,1666003236,1666003236842,4.962,0, ,0
470,12695,0,1666003236,1666003236811,4.645,0, ,0
471,12695,0,1666003236,1666003236858,4.962,0, ,0
472,12695,0,1666003236,1666003236826,3.721,0, ,0
473,12695,0,1666003236,1666003236905,2.9029999999999996,0, ,0
474,12695,0,1666003236,1666003236842,3.721,0, ,0
475,12695,0,1666003236,1666003236920,3.880000000000001,0, ,0
476,12695,0,1666003236,1666003236905,2.6660000000000004,0, ,0
477,12695,0,1666003236,1666003236936,3.880000000000001,0, ,0
478,12695,0,1666003236,1666003236936,4.4079999999999995,0, ,0
479,12695,0,1666003236,1666003236967,4.645,0, ,0
480,12695,0,1666003236,1666003236983,4.645,0, ,0
481,12695,0,1666003237,1666003237014,3.6159999999999997,0, ,0
482,12695,0,1666003237,1666003237014,3.2460000000000004,0, ,0
483,12695,0,1666003237,1666003237045,3.59,0, ,0
484,12695,0,1666003237,1666003237061,4.856,0, ,0
485,12695,0,1666003237,1666003237030,3.6159999999999997,0, ,0
486,12695,0,1666003237,1666003237030,3.59,0, ,0
487,12695,0,1666003237,1666003237092,3.378,0, ,0
488,12695,0,1666003237,1666003237076,4.672000000000001,0, ,0
489,12695,0,1666003237,1666003237155,3.4049999999999994,0, ,0
490,12695,0,1666003237,1666003237045,4.909000000000001,0, ,0
491,12695,0,1666003237,1666003237108,3.378,0, ,0
492,12695,0,1666003237,1666003237092,4.672000000000001,0, ,0
493,12695,0,1666003237,1666003237170,4.776999999999999,0, ,0
494,12695,0,1666003237,1666003237061,4.909000000000001,0, ,0
495,12695,0,1666003237,1666003237186,3.801,0, ,0
496,12695,0,1666003237,1666003237108,4.882999999999999,0, ,0
497,12695,0,1666003237,1666003237186,4.776999999999999,0, ,0
498,12695,0,1666003237,1666003237076,4.856,0, ,0
499,12695,0,1666003237,1666003237217,3.880000000000001,0, ,0
500,12695,0,1666003237,1666003237123,4.566000000000001,0, ,0
501,12695,0,1666003237,1666003237233,4.038,0, ,0
502,12695,0,1666003237,1666003237170,3.4049999999999994,0, ,0
503,12695,0,1666003237,1666003237233,3.880000000000001,0, ,0
504,12695,0,1666003237,1666003237123,4.882999999999999,0, ,0
505,12695,0,1666003237,1666003237248,3.801,0, ,0
506,12695,0,1666003237,1666003237248,4.038,0, ,0
507,12695,0,1666003237,1666003237295,4.0120000000000005,0, ,0
508,12695,0,1666003237,1666003237139,4.566000000000001,0, ,0
509,12695,0,1666003237,1666003237264,3.801,0, ,0
510,12695,0,1666003237,1666003237280,4.0120000000000005,0, ,0
511,12695,0,1666003237,1666003237311,4.513,0, ,0
512,12695,0,1666003237,1666003237139,4.909000000000001,0, ,0
513,12695,0,1666003237,1666003237264,4.276,0, ,0
514,12695,0,1666003237,1666003237436,4.724,0, ,0
515,12695,0,1666003237,1666003237326,4.7509999999999994,0, ,0
516,12695,0,1666003237,1666003237155,4.909000000000001,0, ,0
517,12695,0,1666003237,1666003237342,4.619,0, ,0
518,12695,0,1666003237,1666003237467,4.698,0, ,0
519,12695,0,1666003237,1666003237342,4.7509999999999994,0, ,0
520,12695,0,1666003237,1666003237201,3.801,0, ,0
521,12695,0,1666003237,1666003237358,4.619,0, ,0
522,12695,0,1666003237,1666003237483,4.698,0, ,0
523,12695,0,1666003237,1666003237373,5.49,0, ,0
524,12695,0,1666003237,1666003237201,4.776999999999999,0, ,0
525,12695,0,1666003237,1666003237373,4.776999999999999,0, ,0
526,12695,0,1666003237,1666003237498,4.882999999999999,0, ,0
527,12695,0,1666003237,1666003237405,5.093999999999999,0, ,0
528,12695,0,1666003237,1666003237217,5.199999999999999,0, ,0
529,12695,0,1666003237,1666003237389,4.117000000000001,0, ,0
530,12695,0,1666003237,1666003237514,4.038,0, ,0
531,12695,0,1666003237,1666003237483,4.882999999999999,0, ,0
532,12695,0,1666003237,1666003237280,4.276,0, ,0
533,12695,0,1666003237,1666003237389,4.776999999999999,0, ,0
534,12695,0,1666003237,1666003237530,4.038,0, ,0
535,12695,0,1666003237,1666003237514,4.223000000000001,0, ,0
536,12695,0,1666003237,1666003237295,4.672000000000001,0, ,0
537,12695,0,1666003237,1666003237405,4.117000000000001,0, ,0
538,12695,0,1666003237,1666003237545,3.801,0, ,0
539,12695,0,1666003237,1666003237530,5.068,0, ,0
540,12695,0,1666003237,1666003237311,4.672000000000001,0, ,0
541,12695,0,1666003237,1666003237420,5.093999999999999,0, ,0
542,12695,0,1666003237,1666003237561,3.801,0, ,0
543,12695,0,1666003237,1666003237561,5.462999999999999,0, ,0
544,12695,0,1666003237,1666003237326,4.513,0, ,0
545,12695,0,1666003237,1666003237498,4.223000000000001,0, ,0
546,12695,0,1666003237,1666003237670,5.859,0, ,0
547,12695,0,1666003237,1666003237639,4.5920000000000005,0, ,0
548,12695,0,1666003237,1666003237358,5.49,0, ,0
549,12695,0,1666003237,1666003237545,5.068,0, ,0
550,12695,0,1666003237,1666003237686,5.859,0, ,0
551,12695,0,1666003237,1666003237670,5.199999999999999,0, ,0
552,12695,0,1666003237,1666003237420,4.645,0, ,0
553,12695,0,1666003237,1666003237576,5.462999999999999,0, ,0
554,12695,0,1666003237,1666003237748,6.4399999999999995,0, ,0
555,12695,0,1666003237,1666003237701,5.068,0, ,0
556,12695,0,1666003237,1666003237436,3.801,0, ,0
557,12695,0,1666003237,1666003237623,4.619,0, ,0
558,12695,0,1666003237,1666003237889,6.018000000000001,0, ,0
559,12695,0,1666003237,1666003237717,5.068,0, ,0
560,12695,0,1666003237,1666003237451,3.801,0, ,0
561,12695,0,1666003237,1666003237623,5.622,0, ,0
562,12695,0,1666003237,1666003237905,6.018000000000001,0, ,0
563,12695,0,1666003237,1666003237733,5.199999999999999,0, ,0
564,12695,0,1666003237,1666003237451,3.9849999999999994,0, ,0
565,12695,0,1666003237,1666003237701,4.672000000000001,0, ,0
566,12695,0,1666003237,1666003237920,6.3870000000000005,0, ,0
567,12695,0,1666003237,1666003237764,5.411,0, ,0
568,12695,0,1666003237,1666003237467,3.9849999999999994,0, ,0
569,12695,0,1666003237,1666003237780,4.936,0, ,0
570,12695,0,1666003237,1666003237998,5.49,0, ,0
571,12695,0,1666003237,1666003237764,6.4399999999999995,0, ,0
572,12695,0,1666003237,1666003237576,5.068,0, ,0
573,12695,0,1666003237,1666003237811,5.779999999999999,0, ,0
574,12695,0,1666003237,1666003237592,4.117000000000001,0, ,0
575,12695,0,1666003237,1666003237780,5.411,0, ,0
576,12695,0,1666003237,1666003237592,5.068,0, ,0
577,12695,0,1666003237,1666003237826,4.433999999999999,0, ,0
578,12695,0,1666003237,1666003237608,4.117000000000001,0, ,0
579,12695,0,1666003237,1666003237795,5.49,0, ,0
580,12695,0,1666003237,1666003237608,4.619,0, ,0
581,12695,0,1666003237,1666003237842,4.433999999999999,0, ,0
582,12695,0,1666003237,1666003237639,5.622,0, ,0
583,12695,0,1666003237,1666003237811,5.49,0, ,0
584,12695,0,1666003237,1666003237655,4.2490000000000006,0, ,0
585,12695,0,1666003237,1666003237858,6.15,0, ,0
586,12695,0,1666003237,1666003237655,5.199999999999999,0, ,0
587,12695,0,1666003237,1666003237826,5.779999999999999,0, ,0
588,12695,0,1666003237,1666003237686,4.672000000000001,0, ,0
589,12695,0,1666003237,1666003237920,4.276,0, ,0
590,12695,0,1666003237,1666003237717,5.939,0, ,0
591,12695,0,1666003237,1666003237936,5.885999999999999,0, ,0
592,12695,0,1666003237,1666003237733,5.939,0, ,0
593,12695,0,1666003237,1666003237936,4.276,0, ,0
594,12695,0,1666003237,1666003237748,5.199999999999999,0, ,0
595,12695,0,1666003237,1666003237951,5.885999999999999,0, ,0
596,12695,0,1666003237,1666003237795,4.936,0, ,0
597,12695,0,1666003237,1666003237951,4.461,0, ,0
598,12695,0,1666003237,1666003237842,4.645,0, ,0
599,12695,0,1666003237,1666003237967,4.461,0, ,0
600,12695,0,1666003237,1666003237858,4.645,0, ,0
601,12695,0,1666003237,1666003237998,4.5920000000000005,0, ,0
602,12695,0,1666003237,1666003237873,4.566000000000001,0, ,0
603,12695,0,1666003237,1666003237873,6.3870000000000005,0, ,0
604,12695,0,1666003237,1666003237889,4.566000000000001,0, ,0
605,12695,0,1666003237,1666003237905,6.3870000000000005,0, ,0
606,12695,0,1666003237,1666003237967,5.49,0, ,0
607,12695,0,1666003237,1666003237983,5.49,0, ,0
608,12695,0,1666003238,1666003238170,5.411,0, ,0
609,12695,0,1666003238,1666003238014,4.5920000000000005,0, ,0
610,12695,0,1666003238,1666003238014,5.49,0, ,0
611,12695,0,1666003238,1666003238045,5.093999999999999,0, ,0
612,12695,0,1666003238,1666003238248,5.595000000000001,0, ,0
613,12695,0,1666003238,1666003238030,5.093999999999999,0, ,0
614,12695,0,1666003238,1666003238061,5.675000000000001,0, ,0
615,12695,0,1666003238,1666003238045,6.071,0, ,0
616,12695,0,1666003238,1666003238264,5.516,0, ,0
617,12695,0,1666003238,1666003238030,5.49,0, ,0
618,12695,0,1666003238,1666003238076,4.936,0, ,0
619,12695,0,1666003238,1666003238061,6.071,0, ,0
620,12695,0,1666003238,1666003238311,4.9879999999999995,0, ,0
621,12695,0,1666003238,1666003238092,6.308,0, ,0
622,12695,0,1666003238,1666003238092,5.49,0, ,0
623,12695,0,1666003238,1666003238076,5.675000000000001,0, ,0
624,12695,0,1666003238,1666003238327,4.9879999999999995,0, ,0
625,12695,0,1666003238,1666003238108,6.308,0, ,0
626,12695,0,1666003238,1666003238108,5.49,0, ,0
627,12695,0,1666003238,1666003238123,5.49,0, ,0
628,12695,0,1666003238,1666003238342,6.361000000000001,0, ,0
629,12695,0,1666003238,1666003238139,7.257999999999999,0, ,0
630,12695,0,1666003238,1666003238123,5.727,0, ,0
631,12695,0,1666003238,1666003238155,5.411,0, ,0
632,12695,0,1666003238,1666003238436,6.334,0, ,0
633,12695,0,1666003238,1666003238186,5.885999999999999,0, ,0
634,12695,0,1666003238,1666003238139,5.727,0, ,0
635,12695,0,1666003238,1666003238155,7.257999999999999,0, ,0
636,12695,0,1666003238,1666003238452,6.334,0, ,0
637,12695,0,1666003238,1666003238201,5.7010000000000005,0, ,0
638,12695,0,1666003238,1666003238201,5.622,0, ,0
639,12695,0,1666003238,1666003238170,5.885999999999999,0, ,0
640,12695,0,1666003238,1666003238467,6.202,0, ,0
641,12695,0,1666003238,1666003238217,5.7010000000000005,0, ,0
642,12695,0,1666003238,1666003238295,5.833,0, ,0
643,12695,0,1666003238,1666003238186,5.622,0, ,0
644,12695,0,1666003238,1666003238483,5.912000000000001,0, ,0
645,12695,0,1666003238,1666003238233,5.595000000000001,0, ,0
646,12695,0,1666003238,1666003238311,5.093999999999999,0, ,0
647,12695,0,1666003238,1666003238217,5.173,0, ,0
648,12695,0,1666003238,1666003238483,6.202,0, ,0
649,12695,0,1666003238,1666003238248,4.672000000000001,0, ,0
650,12695,0,1666003238,1666003238327,6.361000000000001,0, ,0
651,12695,0,1666003238,1666003238233,5.173,0, ,0
652,12695,0,1666003238,1666003238498,5.622,0, ,0
653,12695,0,1666003238,1666003238264,4.672000000000001,0, ,0
654,12695,0,1666003238,1666003238373,6.122999999999999,0, ,0
655,12695,0,1666003238,1666003238358,6.228999999999999,0, ,0
656,12695,0,1666003238,1666003238514,5.622,0, ,0
657,12695,0,1666003238,1666003238280,5.516,0, ,0
658,12695,0,1666003238,1666003238373,6.228999999999999,0, ,0
659,12695,0,1666003238,1666003238405,5.305,0, ,0
660,12695,0,1666003238,1666003238545,6.071,0, ,0
661,12695,0,1666003238,1666003238295,5.516,0, ,0
662,12695,0,1666003238,1666003238389,6.122999999999999,0, ,0
663,12695,0,1666003238,1666003238452,6.3870000000000005,0, ,0
664,12695,0,1666003238,1666003238561,6.071,0, ,0
665,12695,0,1666003238,1666003238342,4.566000000000001,0, ,0
666,12695,0,1666003238,1666003238420,6.704000000000001,0, ,0
667,12695,0,1666003238,1666003238498,5.912000000000001,0, ,0
668,12695,0,1666003238,1666003238577,6.465999999999999,0, ,0
669,12695,0,1666003238,1666003238358,4.566000000000001,0, ,0
670,12695,0,1666003238,1666003238436,6.704000000000001,0, ,0
671,12695,0,1666003238,1666003238545,3.827,0, ,0
672,12695,0,1666003238,1666003238608,5.332000000000001,0, ,0
673,12695,0,1666003238,1666003238389,6.0440000000000005,0, ,0
674,12695,0,1666003238,1666003238670,6.15,0, ,0
675,12695,0,1666003238,1666003238592,6.465999999999999,0, ,0
676,12695,0,1666003238,1666003238623,5.569000000000001,0, ,0
677,12695,0,1666003238,1666003238405,6.0440000000000005,0, ,0
678,12695,0,1666003238,1666003238686,5.093999999999999,0, ,0
679,12695,0,1666003238,1666003238639,5.305,0, ,0
680,12695,0,1666003238,1666003238639,5.569000000000001,0, ,0
681,12695,0,1666003238,1666003238420,5.305,0, ,0
682,12695,0,1666003238,1666003238702,5.093999999999999,0, ,0
683,12695,0,1666003238,1666003238655,5.305,0, ,0
684,12695,0,1666003238,1666003238702,5.199999999999999,0, ,0
685,12695,0,1666003238,1666003238467,6.3870000000000005,0, ,0
686,12695,0,1666003238,1666003238764,4.882999999999999,0, ,0
687,12695,0,1666003238,1666003238655,6.15,0, ,0
688,12695,0,1666003238,1666003238733,6.414,0, ,0
689,12695,0,1666003238,1666003238514,4.513,0, ,0
690,12695,0,1666003238,1666003238780,4.882999999999999,0, ,0
691,12695,0,1666003238,1666003238670,6.176,0, ,0
692,12695,0,1666003238,1666003238748,5.041,0, ,0
693,12695,0,1666003238,1666003238530,3.827,0, ,0
694,12695,0,1666003238,1666003238780,6.282,0, ,0
695,12695,0,1666003238,1666003238686,6.176,0, ,0
696,12695,0,1666003238,1666003238858,6.334,0, ,0
697,12695,0,1666003238,1666003238530,7.021000000000001,0, ,0
698,12695,0,1666003238,1666003238795,6.282,0, ,0
699,12695,0,1666003238,1666003238717,5.199999999999999,0, ,0
700,12695,0,1666003238,1666003238795,6.7829999999999995,0, ,0
701,12695,0,1666003238,1666003238561,5.965,0, ,0
702,12695,0,1666003238,1666003238811,6.7829999999999995,0, ,0
703,12695,0,1666003238,1666003238748,6.651,0, ,0
704,12695,0,1666003238,1666003238842,6.545999999999999,0, ,0
705,12695,0,1666003238,1666003238577,5.965,0, ,0
706,12695,0,1666003238,1666003238905,6.3870000000000005,0, ,0
707,12695,0,1666003238,1666003238764,6.651,0, ,0
708,12695,0,1666003238,1666003238920,6.3870000000000005,0, ,0
709,12695,0,1666003238,1666003238592,5.49,0, ,0
710,12695,0,1666003238,1666003238967,5.411,0, ,0
711,12695,0,1666003238,1666003238811,7.047000000000001,0, ,0
712,12695,0,1666003238,1666003238983,5.411,0, ,0
713,12695,0,1666003238,1666003238608,5.49,0, ,0
714,12695,0,1666003238,1666003238827,7.047000000000001,0, ,0
715,12695,0,1666003238,1666003238623,5.332000000000001,0, ,0
716,12695,0,1666003238,1666003238842,5.093999999999999,0, ,0
717,12695,0,1666003238,1666003238717,5.939,0, ,0
718,12695,0,1666003238,1666003238858,5.093999999999999,0, ,0
719,12695,0,1666003238,1666003238733,5.939,0, ,0
720,12695,0,1666003238,1666003238873,6.334,0, ,0
721,12695,0,1666003238,1666003238827,6.545999999999999,0, ,0
722,12695,0,1666003238,1666003238889,5.939,0, ,0
723,12695,0,1666003238,1666003238873,5.068,0, ,0
724,12695,0,1666003238,1666003238905,5.939,0, ,0
725,12695,0,1666003238,1666003238889,5.068,0, ,0
726,12695,0,1666003238,1666003238920,6.0440000000000005,0, ,0
727,12695,0,1666003238,1666003238936,6.414,0, ,0
728,12695,0,1666003238,1666003238936,6.0440000000000005,0, ,0
729,12695,0,1666003238,1666003238952,6.414,0, ,0
730,12695,0,1666003238,1666003238952,5.462999999999999,0, ,0
731,12695,0,1666003238,1666003238998,6.228999999999999,0, ,0
732,12695,0,1666003238,1666003238967,6.308,0, ,0
733,12695,0,1666003238,1666003238983,6.228999999999999,0, ,0
734,12695,0,1666003238,1666003238998,5.754,0, ,0
735,12695,0,1666003239,1666003239014,5.119999999999999,0, ,0
736,12695,0,1666003239,1666003239030,6.361000000000001,0, ,0
737,12695,0,1666003239,1666003239045,5.754,0, ,0
738,12695,0,1666003239,1666003239014,5.754,0, ,0
739,12695,0,1666003239,1666003239030,5.119999999999999,0, ,0
740,12695,0,1666003239,1666003239123,5.727,0, ,0
741,12695,0,1666003239,1666003239061,5.49,0, ,0
742,12695,0,1666003239,1666003239092,4.7509999999999994,0, ,0
743,12695,0,1666003239,1666003239045,6.361000000000001,0, ,0
744,12695,0,1666003239,1666003239123,6.757,0, ,0
745,12695,0,1666003239,1666003239061,5.754,0, ,0
746,12695,0,1666003239,1666003239108,4.7509999999999994,0, ,0
747,12695,0,1666003239,1666003239092,6.202,0, ,0
748,12695,0,1666003239,1666003239155,4.882999999999999,0, ,0
749,12695,0,1666003239,1666003239077,5.49,0, ,0
750,12695,0,1666003239,1666003239139,6.334,0, ,0
751,12695,0,1666003239,1666003239108,6.757,0, ,0
752,12695,0,1666003239,1666003239186,5.912000000000001,0, ,0
753,12695,0,1666003239,1666003239077,6.202,0, ,0
754,12695,0,1666003239,1666003239155,6.334,0, ,0
755,12695,0,1666003239,1666003239139,5.727,0, ,0
756,12695,0,1666003239,1666003239202,5.912000000000001,0, ,0
757,12695,0,1666003239,1666003239233,6.018000000000001,0, ,0
758,12695,0,1666003239,1666003239170,4.882999999999999,0, ,0
759,12695,0,1666003239,1666003239170,5.648,0, ,0
760,12695,0,1666003239,1666003239217,6.308,0, ,0
761,12695,0,1666003239,1666003239248,6.4399999999999995,0, ,0
762,12695,0,1666003239,1666003239186,6.465999999999999,0, ,0
763,12695,0,1666003239,1666003239202,6.308,0, ,0
764,12695,0,1666003239,1666003239295,6.282,0, ,0
765,12695,0,1666003239,1666003239264,6.4399999999999995,0, ,0
766,12695,0,1666003239,1666003239217,5.939,0, ,0
767,12695,0,1666003239,1666003239264,4.645,0, ,0
768,12695,0,1666003239,1666003239342,5.305,0, ,0
769,12695,0,1666003239,1666003239295,5.833,0, ,0
770,12695,0,1666003239,1666003239233,5.939,0, ,0
771,12695,0,1666003239,1666003239280,4.645,0, ,0
772,12695,0,1666003239,1666003239358,5.199999999999999,0, ,0
773,12695,0,1666003239,1666003239327,5.305,0, ,0
774,12695,0,1666003239,1666003239248,6.018000000000001,0, ,0
775,12695,0,1666003239,1666003239280,5.833,0, ,0
776,12695,0,1666003239,1666003239498,5.411,0, ,0
777,12695,0,1666003239,1666003239342,4.882999999999999,0, ,0
778,12695,0,1666003239,1666003239389,5.49,0, ,0
779,12695,0,1666003239,1666003239311,5.49,0, ,0
780,12695,0,1666003239,1666003239514,4.355,0, ,0
781,12695,0,1666003239,1666003239358,4.882999999999999,0, ,0
782,12695,0,1666003239,1666003239420,5.939,0, ,0
783,12695,0,1666003239,1666003239311,6.282,0, ,0
784,12695,0,1666003239,1666003239514,5.411,0, ,0
785,12695,0,1666003239,1666003239405,5.727,0, ,0
786,12695,0,1666003239,1666003239436,5.939,0, ,0
787,12695,0,1666003239,1666003239327,5.49,0, ,0
788,12695,0,1666003239,1666003239530,4.355,0, ,0
789,12695,0,1666003239,1666003239452,5.332000000000001,0, ,0
790,12695,0,1666003239,1666003239436,6.255000000000001,0, ,0
791,12695,0,1666003239,1666003239373,4.144,0, ,0
792,12695,0,1666003239,1666003239717,5.226000000000001,0, ,0
793,12695,0,1666003239,1666003239467,4.7509999999999994,0, ,0
794,12695,0,1666003239,1666003239452,6.255000000000001,0, ,0
795,12695,0,1666003239,1666003239373,5.199999999999999,0, ,0
796,12695,0,1666003239,1666003239733,4.936,0, ,0
797,12695,0,1666003239,1666003239467,5.332000000000001,0, ,0
798,12695,0,1666003239,1666003239498,6.334,0, ,0
799,12695,0,1666003239,1666003239389,4.144,0, ,0
800,12695,0,1666003239,1666003239811,4.619,0, ,0
801,12695,0,1666003239,1666003239483,6.334,0, ,0
802,12695,0,1666003239,1666003239545,5.226000000000001,0, ,0
803,12695,0,1666003239,1666003239405,6.334,0, ,0
804,12695,0,1666003239,1666003239873,6.15,0, ,0
805,12695,0,1666003239,1666003239530,5.226000000000001,0, ,0
806,12695,0,1666003239,1666003239545,5.727,0, ,0
807,12695,0,1666003239,1666003239420,5.727,0, ,0
808,12695,0,1666003239,1666003239889,5.833,0, ,0
809,12695,0,1666003239,1666003239561,5.462999999999999,0, ,0
810,12695,0,1666003239,1666003239608,4.698,0, ,0
811,12695,0,1666003239,1666003239483,4.7509999999999994,0, ,0
812,12695,0,1666003239,1666003239889,6.15,0, ,0
813,12695,0,1666003239,1666003239561,5.727,0, ,0
814,12695,0,1666003239,1666003239639,5.093999999999999,0, ,0
815,12695,0,1666003239,1666003239592,4.856,0, ,0
816,12695,0,1666003239,1666003239905,5.833,0, ,0
817,12695,0,1666003239,1666003239577,5.462999999999999,0, ,0
818,12695,0,1666003239,1666003239655,5.093999999999999,0, ,0
819,12695,0,1666003239,1666003239592,5.885999999999999,0, ,0
820,12695,0,1666003239,1666003239920,6.176,0, ,0
821,12695,0,1666003239,1666003239577,5.885999999999999,0, ,0
822,12695,0,1666003239,1666003239670,6.73,0, ,0
823,12695,0,1666003239,1666003239608,4.856,0, ,0
824,12695,0,1666003239,1666003239686,4.355,0, ,0
825,12695,0,1666003239,1666003239623,4.856,0, ,0
826,12695,0,1666003239,1666003239702,5.226000000000001,0, ,0
827,12695,0,1666003239,1666003239623,6.15,0, ,0
828,12695,0,1666003239,1666003239717,6.0969999999999995,0, ,0
829,12695,0,1666003239,1666003239639,4.856,0, ,0
830,12695,0,1666003239,1666003239733,6.0969999999999995,0, ,0
831,12695,0,1666003239,1666003239670,4.355,0, ,0
832,12695,0,1666003239,1666003239811,5.411,0, ,0
833,12695,0,1666003239,1666003239655,6.73,0, ,0
834,12695,0,1666003239,1666003239827,5.411,0, ,0
835,12695,0,1666003239,1666003239764,6.15,0, ,0
836,12695,0,1666003239,1666003239842,6.334,0, ,0
837,12695,0,1666003239,1666003239686,5.384,0, ,0
838,12695,0,1666003239,1666003239858,6.334,0, ,0
839,12695,0,1666003239,1666003239780,4.619,0, ,0
840,12695,0,1666003239,1666003239873,5.754,0, ,0
841,12695,0,1666003239,1666003239702,5.384,0, ,0
842,12695,0,1666003239,1666003239936,4.645,0, ,0
843,12695,0,1666003239,1666003239780,6.15,0, ,0
844,12695,0,1666003239,1666003239952,4.645,0, ,0
845,12695,0,1666003239,1666003239748,4.936,0, ,0
846,12695,0,1666003239,1666003239983,5.859,0, ,0
847,12695,0,1666003239,1666003239842,4.461,0, ,0
848,12695,0,1666003239,1666003239748,5.885999999999999,0, ,0
849,12695,0,1666003239,1666003239905,6.176,0, ,0
850,12695,0,1666003239,1666003239764,5.885999999999999,0, ,0
851,12695,0,1666003239,1666003239920,4.936,0, ,0
852,12695,0,1666003239,1666003239795,4.619,0, ,0
853,12695,0,1666003239,1666003239936,4.936,0, ,0
854,12695,0,1666003239,1666003239827,5.779999999999999,0, ,0
855,12695,0,1666003239,1666003239952,6.914999999999999,0, ,0
856,12695,0,1666003239,1666003239858,5.754,0, ,0
857,12695,0,1666003239,1666003239967,4.672000000000001,0, ,0
858,12695,0,1666003239,1666003239967,6.914999999999999,0, ,0
859,12695,0,1666003239,1666003239983,4.672000000000001,0, ,0
860,12695,0,1666003239,1666003239998,5.859,0, ,0
861,12695,0,1666003240,1666003240014,5.859,0, ,0
862,12695,0,1666003240,1666003240061,5.991,0, ,0
863,12695,0,1666003240,1666003240014,5.912000000000001,0, ,0
864,12695,0,1666003240,1666003240045,6.228999999999999,0, ,0
865,12695,0,1666003240,1666003240045,6.3870000000000005,0, ,0
866,12695,0,1666003240,1666003240092,6.334,0, ,0
867,12695,0,1666003240,1666003240030,5.912000000000001,0, ,0
868,12695,0,1666003240,1666003240077,6.545999999999999,0, ,0
869,12695,0,1666003240,1666003240217,6.571999999999999,0, ,0
870,12695,0,1666003240,1666003240108,6.334,0, ,0
871,12695,0,1666003240,1666003240030,6.3870000000000005,0, ,0
872,12695,0,1666003240,1666003240123,6.334,0, ,0
873,12695,0,1666003240,1666003240233,6.571999999999999,0, ,0
874,12695,0,1666003240,1666003240139,6.571999999999999,0, ,0
875,12695,0,1666003240,1666003240061,6.202,0, ,0
876,12695,0,1666003240,1666003240139,6.334,0, ,0
877,12695,0,1666003240,1666003240280,7.7330000000000005,0, ,0
878,12695,0,1666003240,1666003240155,6.571999999999999,0, ,0
879,12695,0,1666003240,1666003240077,5.991,0, ,0
880,12695,0,1666003240,1666003240155,5.807,0, ,0
881,12695,0,1666003240,1666003240342,7.179,0, ,0
882,12695,0,1666003240,1666003240186,7.574999999999999,0, ,0
883,12695,0,1666003240,1666003240092,6.545999999999999,0, ,0
884,12695,0,1666003240,1666003240170,5.305,0, ,0
885,12695,0,1666003240,1666003240467,7.654,0, ,0
886,12695,0,1666003240,1666003240248,7.417,0, ,0
887,12695,0,1666003240,1666003240170,5.807,0, ,0
888,12695,0,1666003240,1666003240186,5.305,0, ,0
889,12695,0,1666003240,1666003240592,6.571999999999999,0, ,0
890,12695,0,1666003240,1666003240311,7.179,0, ,0
891,12695,0,1666003240,1666003240202,7.443,0, ,0
892,12695,0,1666003240,1666003240202,7.574999999999999,0, ,0
893,12695,0,1666003240,1666003240623,7.179,0, ,0
894,12695,0,1666003240,1666003240358,6.228999999999999,0, ,0
895,12695,0,1666003240,1666003240248,6.651,0, ,0
896,12695,0,1666003240,1666003240217,7.443,0, ,0
897,12695,0,1666003240,1666003240639,7.179,0, ,0
898,12695,0,1666003240,1666003240389,5.727,0, ,0
899,12695,0,1666003240,1666003240264,5.754,0, ,0
900,12695,0,1666003240,1666003240233,7.417,0, ,0
901,12695,0,1666003240,1666003240655,7.364000000000001,0, ,0
902,12695,0,1666003240,1666003240405,5.727,0, ,0
903,12695,0,1666003240,1666003240264,6.651,0, ,0
904,12695,0,1666003240,1666003240295,7.390000000000001,0, ,0
905,12695,0,1666003240,1666003240795,6.8100000000000005,0, ,0
906,12695,0,1666003240,1666003240420,6.757,0, ,0
907,12695,0,1666003240,1666003240280,7.390000000000001,0, ,0
908,12695,0,1666003240,1666003240327,7.179,0, ,0
909,12695,0,1666003240,1666003240811,6.8100000000000005,0, ,0
910,12695,0,1666003240,1666003240436,6.757,0, ,0
911,12695,0,1666003240,1666003240295,6.334,0, ,0
912,12695,0,1666003240,1666003240373,6.228999999999999,0, ,0
913,12695,0,1666003240,1666003240811,7.179,0, ,0
914,12695,0,1666003240,1666003240452,7.654,0, ,0
915,12695,0,1666003240,1666003240311,6.334,0, ,0
916,12695,0,1666003240,1666003240373,8.472,0, ,0
917,12695,0,1666003240,1666003240827,6.836,0, ,0
918,12695,0,1666003240,1666003240467,6.361000000000001,0, ,0
919,12695,0,1666003240,1666003240342,5.912000000000001,0, ,0
920,12695,0,1666003240,1666003240389,8.472,0, ,0
921,12695,0,1666003240,1666003240842,6.228999999999999,0, ,0
922,12695,0,1666003240,1666003240483,6.361000000000001,0, ,0
923,12695,0,1666003240,1666003240358,5.912000000000001,0, ,0
924,12695,0,1666003240,1666003240420,7.1530000000000005,0, ,0
925,12695,0,1666003240,1666003240858,6.228999999999999,0, ,0
926,12695,0,1666003240,1666003240498,6.757,0, ,0
927,12695,0,1666003240,1666003240405,7.1530000000000005,0, ,0
928,12695,0,1666003240,1666003240436,6.862,0, ,0
929,12695,0,1666003240,1666003240858,6.465999999999999,0, ,0
930,12695,0,1666003240,1666003240514,6.757,0, ,0
931,12695,0,1666003240,1666003240483,6.73,0, ,0
932,12695,0,1666003240,1666003240452,6.862,0, ,0
933,12695,0,1666003240,1666003240905,7.522,0, ,0
934,12695,0,1666003240,1666003240561,8.024,0, ,0
935,12695,0,1666003240,1666003240498,6.651,0, ,0
936,12695,0,1666003240,1666003240514,8.103,0, ,0
937,12695,0,1666003240,1666003240952,7.179,0, ,0
938,12695,0,1666003240,1666003240592,6.3870000000000005,0, ,0
939,12695,0,1666003240,1666003240530,6.942,0, ,0
940,12695,0,1666003240,1666003240530,8.103,0, ,0
941,12695,0,1666003240,1666003240983,6.73,0, ,0
942,12695,0,1666003240,1666003240608,6.3870000000000005,0, ,0
943,12695,0,1666003240,1666003240545,7.179,0, ,0
944,12695,0,1666003240,1666003240545,6.942,0, ,0
945,12695,0,1666003240,1666003240998,7.601000000000001,0, ,0
946,12695,0,1666003240,1666003240748,8.208,0, ,0
947,12695,0,1666003240,1666003240561,7.179,0, ,0
948,12695,0,1666003240,1666003240608,7.1530000000000005,0, ,0
949,12695,0,1666003240,1666003240577,6.571999999999999,0, ,0
950,12695,0,1666003240,1666003240764,8.208,0, ,0
951,12695,0,1666003240,1666003240577,8.024,0, ,0
952,12695,0,1666003240,1666003240670,5.727,0, ,0
953,12695,0,1666003240,1666003240623,7.1530000000000005,0, ,0
954,12695,0,1666003240,1666003240686,5.727,0, ,0
955,12695,0,1666003240,1666003240639,6.704000000000001,0, ,0
956,12695,0,1666003240,1666003240748,6.757,0, ,0
957,12695,0,1666003240,1666003240655,6.704000000000001,0, ,0
958,12695,0,1666003240,1666003240764,6.757,0, ,0
959,12695,0,1666003240,1666003240670,7.364000000000001,0, ,0
960,12695,0,1666003240,1666003240780,6.757,0, ,0
961,12695,0,1666003240,1666003240686,6.334,0, ,0
962,12695,0,1666003240,1666003240780,6.7829999999999995,0, ,0
963,12695,0,1666003240,1666003240702,4.7509999999999994,0, ,0
964,12695,0,1666003240,1666003240936,6.914999999999999,0, ,0
965,12695,0,1666003240,1666003240702,6.334,0, ,0
966,12695,0,1666003240,1666003240967,7.917999999999999,0, ,0
967,12695,0,1666003240,1666003240717,6.465999999999999,0, ,0
968,12695,0,1666003240,1666003240983,7.917999999999999,0, ,0
969,12695,0,1666003240,1666003240717,6.571999999999999,0, ,0
970,12695,0,1666003240,1666003240733,6.465999999999999,0, ,0
971,12695,0,1666003240,1666003240733,6.757,0, ,0
972,12695,0,1666003240,1666003240795,6.7829999999999995,0, ,0
973,12695,0,1666003240,1666003240827,7.179,0, ,0
974,12695,0,1666003240,1666003240842,6.836,0, ,0
975,12695,0,1666003240,1666003240873,5.833,0, ,0
976,12695,0,1666003240,1666003240873,6.465999999999999,0, ,0
977,12695,0,1666003240,1666003240889,5.833,0, ,0
978,12695,0,1666003240,1666003240889,6.361000000000001,0, ,0
979,12695,0,1666003240,1666003240905,6.361000000000001,0, ,0
980,12695,0,1666003240,1666003240920,5.675000000000001,0, ,0
981,12695,0,1666003240,1666003240920,7.522,0, ,0
982,12695,0,1666003240,1666003240936,7.522,0, ,0
983,12695,0,1666003240,1666003240952,7.522,0, ,0
984,12695,0,1666003240,1666003240967,7.179,0, ,0
985,12695,0,1666003240,1666003240998,6.73,0, ,0
986,12695,0,1666003241,1666003241030,7.047000000000001,0, ,0
987,12695,0,1666003241,1666003241014,6.308,0, ,0
988,12695,0,1666003241,1666003241014,7.601000000000001,0, ,0
989,12695,0,1666003241,1666003241045,8.235,0, ,0
990,12695,0,1666003241,1666003241077,6.704000000000001,0, ,0
991,12695,0,1666003241,1666003241030,6.308,0, ,0
992,12695,0,1666003241,1666003241217,5.622,0, ,0
993,12695,0,1666003241,1666003241061,8.235,0, ,0
994,12695,0,1666003241,1666003241139,5.199999999999999,0, ,0
995,12695,0,1666003241,1666003241045,7.047000000000001,0, ,0
996,12695,0,1666003241,1666003241248,6.7829999999999995,0, ,0
997,12695,0,1666003241,1666003241092,6.704000000000001,0, ,0
998,12695,0,1666003241,1666003241155,6.308,0, ,0
999,12695,0,1666003241,1666003241061,7.047000000000001,0, ,0
1000,12695,0,1666003241,1666003241264,4.804,0, ,0
1001,12695,0,1666003241,1666003241108,6.282,0, ,0
1002,12695,0,1666003241,1666003241186,5.727,0, ,0
1003,12695,0,1666003241,1666003241077,7.047000000000001,0, ,0
1004,12695,0,1666003241,1666003241280,4.804,0, ,0
1005,12695,0,1666003241,1666003241123,4.672000000000001,0, ,0
1006,12695,0,1666003241,1666003241202,5.727,0, ,0
1007,12695,0,1666003241,1666003241092,7.628,0, ,0
1008,12695,0,1666003241,1666003241342,5.041,0, ,0
1009,12695,0,1666003241,1666003241123,6.282,0, ,0
1010,12695,0,1666003241,1666003241233,6.7829999999999995,0, ,0
1011,12695,0,1666003241,1666003241108,7.628,0, ,0
1012,12695,0,1666003241,1666003241342,5.779999999999999,0, ,0
1013,12695,0,1666003241,1666003241139,4.672000000000001,0, ,0
1014,12695,0,1666003241,1666003241280,4.962,0, ,0
1015,12695,0,1666003241,1666003241155,6.0440000000000005,0, ,0
1016,12695,0,1666003241,1666003241358,5.305,0, ,0
1017,12695,0,1666003241,1666003241170,6.73,0, ,0
1018,12695,0,1666003241,1666003241358,5.833,0, ,0
1019,12695,0,1666003241,1666003241170,6.308,0, ,0
1020,12695,0,1666003241,1666003241498,5.462999999999999,0, ,0
1021,12695,0,1666003241,1666003241186,6.73,0, ,0
1022,12695,0,1666003241,1666003241405,5.569000000000001,0, ,0
1023,12695,0,1666003241,1666003241217,5.569000000000001,0, ,0
1024,12695,0,1666003241,1666003241514,5.462999999999999,0, ,0
1025,12695,0,1666003241,1666003241202,5.569000000000001,0, ,0
1026,12695,0,1666003241,1666003241467,5.093999999999999,0, ,0
1027,12695,0,1666003241,1666003241295,4.962,0, ,0
1028,12695,0,1666003241,1666003241530,5.068,0, ,0
1029,12695,0,1666003241,1666003241233,5.622,0, ,0
1030,12695,0,1666003241,1666003241545,3.933,0, ,0
1031,12695,0,1666003241,1666003241311,5.093999999999999,0, ,0
1032,12695,0,1666003241,1666003241561,4.936,0, ,0
1033,12695,0,1666003241,1666003241248,4.090999999999999,0, ,0
1034,12695,0,1666003241,1666003241545,5.068,0, ,0
1035,12695,0,1666003241,1666003241327,5.093999999999999,0, ,0
1036,12695,0,1666003241,1666003241577,3.9060000000000006,0, ,0
1037,12695,0,1666003241,1666003241264,4.090999999999999,0, ,0
1038,12695,0,1666003241,1666003241561,3.933,0, ,0
1039,12695,0,1666003241,1666003241327,5.779999999999999,0, ,0
1040,12695,0,1666003241,1666003241577,4.936,0, ,0
1041,12695,0,1666003241,1666003241295,4.856,0, ,0
1042,12695,0,1666003241,1666003241577,4.776999999999999,0, ,0
1043,12695,0,1666003241,1666003241373,5.833,0, ,0
1044,12695,0,1666003241,1666003241608,2.982,0, ,0
1045,12695,0,1666003241,1666003241311,4.856,0, ,0
1046,12695,0,1666003241,1666003241717,4.776999999999999,0, ,0
1047,12695,0,1666003241,1666003241405,5.885999999999999,0, ,0
1048,12695,0,1666003241,1666003241608,3.2989999999999995,0, ,0
1049,12695,0,1666003241,1666003241358,5.041,0, ,0
1050,12695,0,1666003241,1666003241811,4.645,0, ,0
1051,12695,0,1666003241,1666003241420,5.569000000000001,0, ,0
1052,12695,0,1666003241,1666003241623,2.982,0, ,0
1053,12695,0,1666003241,1666003241373,5.462999999999999,0, ,0
1054,12695,0,1666003241,1666003241827,4.645,0, ,0
1055,12695,0,1666003241,1666003241420,5.912000000000001,0, ,0
1056,12695,0,1666003241,1666003241623,4.645,0, ,0
1057,12695,0,1666003241,1666003241389,5.462999999999999,0, ,0
1058,12695,0,1666003241,1666003241842,4.090999999999999,0, ,0
1059,12695,0,1666003241,1666003241436,5.305,0, ,0
1060,12695,0,1666003241,1666003241639,3.2460000000000004,0, ,0
1061,12695,0,1666003241,1666003241389,5.885999999999999,0, ,0
1062,12695,0,1666003241,1666003241842,4.4079999999999995,0, ,0
1063,12695,0,1666003241,1666003241436,5.912000000000001,0, ,0
1064,12695,0,1666003241,1666003241639,4.645,0, ,0
1065,12695,0,1666003241,1666003241467,5.727,0, ,0
1066,12695,0,1666003241,1666003241873,2.9560000000000004,0, ,0
1067,12695,0,1666003241,1666003241452,5.093999999999999,0, ,0
1068,12695,0,1666003241,1666003241655,3.2460000000000004,0, ,0
1069,12695,0,1666003241,1666003241483,5.727,0, ,0
1070,12695,0,1666003241,1666003241889,2.9560000000000004,0, ,0
1071,12695,0,1666003241,1666003241452,5.305,0, ,0
1072,12695,0,1666003241,1666003241686,3.9589999999999996,0, ,0
1073,12695,0,1666003241,1666003241498,5.807,0, ,0
1074,12695,0,1666003241,1666003241967,5.384,0, ,0
1075,12695,0,1666003241,1666003241483,5.807,0, ,0
1076,12695,0,1666003241,1666003241702,3.9589999999999996,0, ,0
1077,12695,0,1666003241,1666003241592,3.2989999999999995,0, ,0
1078,12695,0,1666003241,1666003241983,5.384,0, ,0
1079,12695,0,1666003241,1666003241514,5.754,0, ,0
1080,12695,0,1666003241,1666003241702,4.776999999999999,0, ,0
1081,12695,0,1666003241,1666003241655,4.487,0, ,0
1082,12695,0,1666003241,1666003241733,3.7479999999999993,0, ,0
1083,12695,0,1666003241,1666003241530,5.754,0, ,0
1084,12695,0,1666003241,1666003241748,4.461,0, ,0
1085,12695,0,1666003241,1666003241717,3.7479999999999993,0, ,0
1086,12695,0,1666003241,1666003241764,4.461,0, ,0
1087,12695,0,1666003241,1666003241592,3.9060000000000006,0, ,0
1088,12695,0,1666003241,1666003241780,3.6950000000000003,0, ,0
1089,12695,0,1666003241,1666003241748,3.378,0, ,0
1090,12695,0,1666003241,1666003241827,4.090999999999999,0, ,0
1091,12695,0,1666003241,1666003241670,4.487,0, ,0
1092,12695,0,1666003241,1666003241905,2.798,0, ,0
1093,12695,0,1666003241,1666003241764,4.2490000000000006,0, ,0
1094,12695,0,1666003241,1666003241920,3.2460000000000004,0, ,0
1095,12695,0,1666003241,1666003241686,4.487,0, ,0
1096,12695,0,1666003241,1666003241936,3.2460000000000004,0, ,0
1097,12695,0,1666003241,1666003241780,4.2490000000000006,0, ,0
1098,12695,0,1666003241,1666003241952,3.801,0, ,0
1099,12695,0,1666003241,1666003241733,3.378,0, ,0
1100,12695,0,1666003241,1666003241967,3.801,0, ,0
1101,12695,0,1666003241,1666003241795,3.3520000000000003,0, ,0
1102,12695,0,1666003241,1666003241983,4.0120000000000005,0, ,0
1103,12695,0,1666003241,1666003241795,4.355,0, ,0
1104,12695,0,1666003241,1666003241998,4.17,0, ,0
1105,12695,0,1666003241,1666003241795,3.6950000000000003,0, ,0
1106,12695,0,1666003241,1666003241811,4.355,0, ,0
1107,12695,0,1666003241,1666003241858,4.276,0, ,0
1108,12695,0,1666003241,1666003241873,4.276,0, ,0
1109,12695,0,1666003241,1666003241858,4.4079999999999995,0, ,0
1110,12695,0,1666003241,1666003241889,2.982,0, ,0
1111,12695,0,1666003241,1666003241920,2.798,0, ,0
1112,12695,0,1666003241,1666003241905,2.982,0, ,0
1113,12695,0,1666003241,1666003241936,3.9849999999999994,0, ,0
1114,12695,0,1666003241,1666003241998,4.0120000000000005,0, ,0
1115,12695,0,1666003241,1666003241952,3.9849999999999994,0, ,0
1116,12695,0,1666003242,1666003242014,2.6660000000000004,0, ,0
1117,12695,0,1666003242,1666003242014,4.17,0, ,0
1118,12695,0,1666003242,1666003242045,4.4079999999999995,0, ,0
1119,12695,0,1666003242,1666003242014,4.381,0, ,0
1120,12695,0,1666003242,1666003242030,2.6660000000000004,0, ,0
1121,12695,0,1666003242,1666003242186,3.801,0, ,0
1122,12695,0,1666003242,1666003242061,4.4079999999999995,0, ,0
1123,12695,0,1666003242,1666003242061,3.2460000000000004,0, ,0
1124,12695,0,1666003242,1666003242030,4.4079999999999995,0, ,0
1125,12695,0,1666003242,1666003242202,3.801,0, ,0
1126,12695,0,1666003242,1666003242077,3.801,0, ,0
1127,12695,0,1666003242,1666003242077,3.2460000000000004,0, ,0
1128,12695,0,1666003242,1666003242092,3.801,0, ,0
1129,12695,0,1666003242,1666003242248,3.6690000000000005,0, ,0
1130,12695,0,1666003242,1666003242092,4.724,0, ,0
1131,12695,0,1666003242,1666003242217,3.933,0, ,0
1132,12695,0,1666003242,1666003242108,3.4049999999999994,0, ,0
1133,12695,0,1666003242,1666003242264,3.6690000000000005,0, ,0
1134,12695,0,1666003242,1666003242108,4.724,0, ,0
1135,12695,0,1666003242,1666003242217,4.2490000000000006,0, ,0
1136,12695,0,1666003242,1666003242123,3.4049999999999994,0, ,0
1137,12695,0,1666003242,1666003242342,2.798,0, ,0
1138,12695,0,1666003242,1666003242123,4.645,0, ,0
1139,12695,0,1666003242,1666003242233,3.827,0, ,0
1140,12695,0,1666003242,1666003242155,3.7479999999999993,0, ,0
1141,12695,0,1666003242,1666003242358,2.798,0, ,0
1142,12695,0,1666003242,1666003242139,4.645,0, ,0
1143,12695,0,1666003242,1666003242233,3.933,0, ,0
1144,12695,0,1666003242,1666003242295,4.2490000000000006,0, ,0
1145,12695,0,1666003242,1666003242389,4.566000000000001,0, ,0
1146,12695,0,1666003242,1666003242155,4.645,0, ,0
1147,12695,0,1666003242,1666003242248,5.041,0, ,0
1148,12695,0,1666003242,1666003242311,4.2490000000000006,0, ,0
1149,12695,0,1666003242,1666003242405,3.378,0, ,0
1150,12695,0,1666003242,1666003242170,3.458,0, ,0
1151,12695,0,1666003242,1666003242311,4.4079999999999995,0, ,0
1152,12695,0,1666003242,1666003242327,3.3520000000000003,0, ,0
1153,12695,0,1666003242,1666003242405,4.566000000000001,0, ,0
1154,12695,0,1666003242,1666003242170,3.7479999999999993,0, ,0
1155,12695,0,1666003242,1666003242327,4.4079999999999995,0, ,0
1156,12695,0,1666003242,1666003242358,3.4049999999999994,0, ,0
1157,12695,0,1666003242,1666003242498,3.8529999999999998,0, ,0
1158,12695,0,1666003242,1666003242186,3.458,0, ,0
1159,12695,0,1666003242,1666003242342,3.3520000000000003,0, ,0
1160,12695,0,1666003242,1666003242420,3.378,0, ,0
1161,12695,0,1666003242,1666003242530,3.9060000000000006,0, ,0
1162,12695,0,1666003242,1666003242202,4.2490000000000006,0, ,0
1163,12695,0,1666003242,1666003242452,3.194000000000001,0, ,0
1164,12695,0,1666003242,1666003242452,3.801,0, ,0
1165,12695,0,1666003242,1666003242561,3.773999999999999,0, ,0
1166,12695,0,1666003242,1666003242233,5.041,0, ,0
1167,12695,0,1666003242,1666003242467,3.194000000000001,0, ,0
1168,12695,0,1666003242,1666003242452,4.619,0, ,0
1169,12695,0,1666003242,1666003242577,3.773999999999999,0, ,0
1170,12695,0,1666003242,1666003242264,3.827,0, ,0
1171,12695,0,1666003242,1666003242467,3.7479999999999993,0, ,0
1172,12695,0,1666003242,1666003242530,3.378,0, ,0